Workbook

Sheet Sandwiches
A1: Bistro in a Box
A2: Gourmet Sandwiches
A3: Menu Item | B3: Cost | C3: Selling Price | D3: Food Cost Percentage
A4: Traditional Club | B4: 4.55 | C4: 11 | D4: =B4/C4 -> 0.41363636
A5: Southwest Chicken | B5: 3.05 | C5: 9.5 | D5: =B5/C5 -> 0.32105263
A6: Ham and Cheese Favorite | B6: 3.9 | C6: 10.25 | D6: =B6/C6 -> 0.3804878
A7: Simply Chicken | B7: 3.5 | C7: 9.5 | D7: =B7/C7 -> 0.36842105
A8: Tasty Turkey | B8: 3.47 | C8: 9.5 | D8: =B8/C8 -> 0.36526316
A9: Rancher’s BBQ Beef | B9: 5.09 | C9: 10.25 | D9: =B9/C9 -> 0.49658537
A10: Italian Hoagie | B10: 4.9 | C10: 10.25 | D10: =B10/C10 -> 0.47804878
A11: Tuna Salad | B11: 3.84 | C11: 9.5 | D11: =B11/C11 -> 0.40421053
A12: Pork Tenderloin | B12: 5.17 | C12: 10.5 | D12: =B12/C12 -> 0.49238095
A13: Philly Cheesesteak | B13: 3.95 | C13: 9.5 | D13: =B13/C13 -> 0.41578947
C15: Average Food Cost Percentage | D15: =AVERAGE(D4:D13) -> 0.41358761
C16: Minimum Food Cost Percentage | D16: =MIN(D4:D13) -> 0.32105263
C17: Maximum Food Cost Percentage | D17: =MAX(D4:D13) -> 0.49658537

Sheet Wraps
A1: Bistro in a Box
A2: Specialty Wraps
A3: Menu Item | B3: Cost | C3: Selling Price | D3: Food Cost Percentage
A4: Florentine Vegetarian | B4: 2.95 | C4: 8.5 | D4: =B4/C4 -> 0.34705882
A5: Asian Delight | B5: 3.04 | C5: 8.5 | D5: =B5/C5 -> 0.35764706
A6: Beef Chipotle | B6: 4.06 | C6: 10.5 | D6: =B6/C6 -> 0.38666667
A7: Chicken Ranchero | B7: 3.78 | C7: 9.5 | D7: =B7/C7 -> 0.39789474
A8: Philly Cheesesteak | B8: 3.98 | C8: 9.5 | D8: =B8/C8 -> 0.41894737
A9: Cajun BBQ | B9: 4.05 | C9: 10.5 | D9: =B9/C9 -> 0.38571429
A10: Chipotle Ranch | B10: 3.46 | C10: 8.5 | D10: =B10/C10 -> 0.40705882
A11: Sundried Tomato Basil | B11: 3.12 | C11: 8.5 | D11: =B11/C11 -> 0.36705882
A12: Mexican Chicken | B12: 3.56 | C12: 9 | D12: =B12/C12 -> 0.39555556
A13: Avocado Turkey | B13: 3.24 | C13: 9 | D13: =B13/C13 -> 0.36
C15: Average Food Cost Percentage | D15: =AVERAGE(D4:D13) -> 0.38236021
C16: Minimum Food Cost Percentage | D16: =MIN(D4:D13) -> 0.34705882
C17: Maximum Food Cost Percentage | D17: =MAX(D4:D13) -> 0.41894737

Sheet Salads
A1: Menu Item Food Cost
A2: Scrumptious Salads
A3: Menu Item | B3: Cost | C3: Selling Price | D3: Food Cost Percentage
A4: Chicken Caesar | B4: 3.03 | C4: 8.5 | D4: =B4/C4 -> 0.35647059
A5: Cobb Salad | B5: 3.75 | C5: 9 | D5: =B5/C5 -> 0.41666667
A6: Chef’s Vegetarian | B6: 2.5 | C6: 8 | D6: =B6/C6 -> 0.3125
A7: Tossed Garden Salad | B7: 2.48 | C7: 8 | D7: =B7/C7 -> 0.31
A8: Oriental Noodle Salad | B8: 4.36 | C8: 9.5 | D8: =B8/C8 -> 0.45894737
A9: Steak and Shrimp Combo | B9: 5.03 | C9: 10.5 | D9: =B9/C9 -> 0.47904762
A10: Totally Taco Salad | B10: 3.46 | C10: 9 | D10: =B10/C10 -> 0.38444444
A11: Grilled Teriyaki Chicken | B11: 3.49 | C11: 8.5 | D11: =B11/C11 -> 0.41058824
A12: Popeye Special | B12: 2.97 | C12: 8.5 | D12: =B12/C12 -> 0.34941176
A13: Greek Isle Paradise | B13: 3.52 | C13: 9.5 | D13: =B13/C13 -> 0.37052632
C15: Average Food Cost Percentage | D15: =AVERAGE(D4:D13) -> 0.3848603
C16: Minimum Food Cost Percentage | D16: =MIN(D4:D13) -> 0.31
C17: Maximum Food Cost Percentage | D17: =MAX(D4:D13) -> 0.47904762

Sheet Summary
A1: Menu Item Food Cost
A2: Category | B2: Average Food Cost % | C2: Minimum Food Cost % | D2: Maximum Food Cost %
A3: Sandwiches | B3: =Sandwiches!D15 -> 0.41358761 | C3: =Sandwiches!D16 -> 0.32105263 | D3: =Sandwiches!D17 -> 0.49658537
A4: Wraps | B4: =Wraps!D15 -> 0.38236021 | C4: =Wraps!D16 -> 0.34705882 | D4: =Wraps!D17 -> 0.41894737
A5: Salads | B5: =Salads!D15 -> 0.3848603 | C5: =Salads!D16 -> 0.31 | D5: =Salads!D17 -> 0.47904762
B7: Average | C7: Minimum | D7: Maximum

Sheet What If
A1: What If Analysis -- Price Increase Based on Current Selling Price
A2: Gourmet Sandwiches
A3: Current Pricing | E3: 0.03 | G3: 0.05 | I3: 0.07
A4: Menu Item | B4: Cost | C4: Selling Price | D4: Food Cost Percentage | E4: Selling Price | F4: Food Cost Percentage | G4: Selling Price | H4: Food Cost Percentage | I4: Selling Price | J4: Food Cost Percentage
A5: Traditional Club | B5: 4.55 | C5: 11 | D5: =B5/C5 -> 0.41363636 | E5: =B5/D5 -> 11 | F5: =B5/E5 -> 0.41363636 | G5: =C5*1.05 -> 11.55 | H5: =D5*1.05 -> 0.43431818 | I5: =C5*1.07 -> 11.77 | J5: =D5*1.07 -> 0.44259091
A6: Southwest Chicken | B6: 3.05 | C6: 9.5 | D6: =B6/C6 -> 0.32105263 | E6: =B6/D6 -> 9.5 | F6: =B6/E6 -> 0.32105263 | G6: =C6*1.05 -> 9.975 | H6: =D6*1.05 -> 0.33710526 | I6: =C6*1.07 -> 10.165 | J6: =D6*1.07 -> 0.34352632
A7: Ham and Cheese Favorite | B7: 3.9 | C7: 10.25 | D7: =B7/C7 -> 0.3804878 | E7: =B7/D7 -> 10.25 | F7: =B7/E7 -> 0.3804878 | G7: =C7*1.05 -> 10.7625 | H7: =D7*1.05 -> 0.3995122 | I7: =C7*1.07 -> 10.9675 | J7: =D7*1.07 -> 0.40712195
A8: Simply Chicken | B8: 3.5 | C8: 9.5 | D8: =B8/C8 -> 0.36842105 | E8: =B8/D8 -> 9.5 | F8: =B8/E8 -> 0.36842105 | G8: =C8*1.05 -> 9.975 | H8: =D8*1.05 -> 0.38684211 | I8: =C8*1.07 -> 10.165 | J8: =D8*1.07 -> 0.39421053
A9: Tasty Turkey | B9: 3.47 | C9: 9.5 | D9: =B9/C9 -> 0.36526316 | E9: =B9/D9 -> 9.5 | F9: =B9/E9 -> 0.36526316 | G9: =C9*1.05 -> 9.975 | H9: =D9*1.05 -> 0.38352632 | I9: =C9*1.07 -> 10.165 | J9: =D9*1.07 -> 0.39083158
A10: Rancher’s BBQ Beef | B10: 5.09 | C10: 12.5 | D10: =B10/C10 -> 0.4072 | E10: =B10/D10 -> 12.5 | F10: =B10/E10 -> 0.4072 | G10: =C10*1.05 -> 13.125 | H10: =D10*1.05 -> 0.42756 | I10: =C10*1.07 -> 13.375 | J10: =D10*1.07 -> 0.435704
A11: Italian Hoagie | B11: 4.9 | C11: 10.25 | D11: =B11/C11 -> 0.47804878 | E11: =B11/D11 -> 10.25 | F11: =B11/E11 -> 0.47804878 | G11: =C11*1.05 -> 10.7625 | H11: =D11*1.05 -> 0.50195122 | I11: =C11*1.07 -> 10.9675 | J11: =D11*1.07 -> 0.5115122
A12: Tuna Salad | B12: 3.84 | C12: 9.5 | D12: =B12/C12 -> 0.40421053 | E12: =B12/D12 -> 9.5 | F12: =B12/E12 -> 0.40421053 | G12: =C12*1.05 -> 9.975 | H12: =D12*1.05 -> 0.42442105 | I12: =C12*1.07 -> 10.165 | J12: =D12*1.07 -> 0.43250526
A13: Pork Tenderloin | B13: 5.17 | C13: 12.5 | D13: =B13/C13 -> 0.4136 | E13: =B13/D13 -> 12.5 | F13: =B13/E13 -> 0.4136 | G13: =C13*1.05 -> 13.125 | H13: =D13*1.05 -> 0.43428 | I13: =C13*1.07 -> 13.375 | J13: =D13*1.07 -> 0.442552
A14: Philly Cheesesteak | B14: 3.95 | C14: 9.5 | D14: =B14/C14 -> 0.41578947 | E14: =B14/D14 -> 9.5 | F14: =B14/E14 -> 0.41578947 | G14: =C14*1.05 -> 9.975 | H14: =D14*1.05 -> 0.43657895 | I14: =C14*1.07 -> 10.165 | J14: =D14*1.07 -> 0.44489474
A16: AVERAGE FOOD COST PERCENTAGE | D16: =AVERAGE(D5:D14) -> 0.39677098 | F16: =AVERAGE(F5:F14) -> 0.39677098 | H16: =AVERAGE(H5:H14) -> 0.41660953 | J16: =AVERAGE(J5:J14) -> 0.42454495
