Workbook

Sheet Inventory
A1: Gorilla Hardware
A2: Inventory Table
A3: Brianna Boucher
A4: Markup: | B4: 0.3
A6: SKU | B6: Description | C6: Department | D6: Supplier ID | E6: Wholesale Price | F6: Sticker Price | G6: Quantity in Stock | H6: Minimum Quantity | I6: Quantity to Order | J6: Current Investment
A7: BH0015 | B7: Axe head repair kit | C7: Hand tools | D7: BH | E7: 3.21 | F7: =E7*(1+$B$4) -> 4.173 | G7: 1 | H7: 1 | I7: =IF(H7>G7,H7-G7,"") | J7: =E7*G7 -> 3.21
A8: FT00001 | B8: Axe, double headed | C8: Hand tools | D8: FT | E8: 22.38 | F8: =E8*(1+$B$4) -> 29.094 | G8: 2 | H8: 1 | I8: =IF(H8>G8,H8-G8,"") | J8: =E8*G8 -> 44.76
A9: FT00002 | B9: Axe, fiberglass | C9: Hand tools | D9: FT | E9: 31.26 | F9: =E9*(1+$B$4) -> 40.638 | G9: 3 | H9: 2 | I9: =IF(H9>G9,H9-G9,"") | J9: =E9*G9 -> 93.78
A10: BH0010 | B10: Axe, single headed | C10: Hand tools | D10: BH | E10: 18.88 | F10: =E10*(1+$B$4) -> 24.544 | G10: 0 | H10: 4 | I10: =IF(H10>G10,H10-G10,"") -> 4 | J10: =E10*G10 -> 0
A11: BH0011 | B11: Axe, wedge | C11: Hand tools | D11: BH | E11: 17.67 | F11: =E11*(1+$B$4) -> 22.971 | G11: 2 | H11: 2 | I11: =IF(H11>G11,H11-G11,"") | J11: =E11*G11 -> 35.34
A12: CSC0045 | B12: Blades, circular saw | C12: Hand tools | D12: CSC | E12: 4.44 | F12: =E12*(1+$B$4) -> 5.772 | G12: 2 | H12: 3 | I12: =IF(H12>G12,H12-G12,"") -> 1 | J12: =E12*G12 -> 8.88
A13: BH0020 | B13: Blades, copping saw | C13: Hand tools | D13: BH | E13: 3.88 | F13: =E13*(1+$B$4) -> 5.044 | G13: 6 | H13: 2 | I13: =IF(H13>G13,H13-G13,"") | J13: =E13*G13 -> 23.28
A14: BH0025 | B14: Blades, hacksaw | C14: Hand tools | D14: BH | E14: 2.06 | F14: =E14*(1+$B$4) -> 2.678 | G14: 2 | H14: 3 | I14: =IF(H14>G14,H14-G14,"") -> 1 | J14: =E14*G14 -> 4.12
A15: FT00040 | B15: Blades, jigsaw | C15: Hand tools | D15: FT | E15: 2.61 | F15: =E15*(1+$B$4) -> 3.393 | G15: 1 | H15: 1 | I15: =IF(H15>G15,H15-G15,"") | J15: =E15*G15 -> 2.61
A16: CSC0050 | B16: Clamps, quick release | C16: Hand tools | D16: CSC | E16: 7.63 | F16: =E16*(1+$B$4) -> 9.919 | G16: 5 | H16: 6 | I16: =IF(H16>G16,H16-G16,"") -> 1 | J16: =E16*G16 -> 38.15
A17: BH002 | B17: Drill, corded | C17: Power tools | D17: BH | E17: 22 | F17: =E17*(1+$B$4) -> 28.6 | G17: 3 | H17: 2 | I17: =IF(H17>G17,H17-G17,"") | J17: =E17*G17 -> 66
A18: FT00080 | B18: Drill, rechargeable 18 volt | C18: Power tools | D18: FT | E18: 40.6 | F18: =E18*(1+$B$4) -> 52.78 | G18: 5 | H18: 4 | I18: =IF(H18>G18,H18-G18,"") | J18: =E18*G18 -> 203
... A37: BH004000 | B37: Screwdriver, Phillips | C37: Hand tools | D37: BH | E37: 4 | F37: =E37*(1+$B$4) -> 5.2 | G37: 6 | H37: 8 | I37: =IF(H37>G37,H37-G37,"") -> 2 | J37: =E37*G37 -> 24
A38: Total | E38: =SUM(E7:E37) -> 405.52 | F38: =E38*(1+$B$4) -> 527.176 | G38: =SUM(G7:G37) -> 132 | H38: =SUM(H7:H37) -> 104 | I38: =IF(H38>G38,H38-G38,"") | J38: =SUM(J7:J37) -> 1625.53

Sheet Suppliers
A1: Current Investment by Supplier
A3: Supplier ID | B3: Supplier | C3: Street Address | D3: City | E3: State | F3: Zip | G3: Phone | H3: FAX | I3: CSR
A4: BH | B4: Boom's Hardware | C4: 1827 South Oak St | D4: Topeka | E4: KS | F4: 66607 | G4: 5556660001 | H4: 5557773390 | I4: John Walters
A5: CSC | B5: Cali Supply Company | C5: 1291 North 18th St | D5: Akron | E5: OH | F5: 44305 | G5: 5556665555 | H5: 5553335555 | I5: Kevin Weasly
A6: FT | B6: Fiesta Tools | C6: 382 Hill St | D6: Cimarron | E6: NM | F6: 87714 | G6: 5556664444 | H6: 5553333333 | I6: Sam Jefferson
A7: HSUSA | B7: Hardware Supplies USA | C7: 839 Lakeview Blvd | D7: Dallas | E7: TX | F7: 75201 | G7: 5557771111 | H7: 5553335343 | I7: Ken Swanson
A8: OS | B8: Oriental Suppliers | C8: 300 Industrial Way | D8: Northcutt | E8: FL | F8: 30049 | G8: 5557779999 | H8: 5552222222 | I8: Tik Chen
A9: TT | B9: Timely Tools | C9: 283 Parkway St | D9: Alexandria | E9: VA | F9: 22307 | G9: 5556660001 | H9: 5553335553 | I9: Roger Lankford

Sheet Inventory Summary
A1: Current Investment by Supplier
A3: Supplier ID | B3: Supplier | C3: Current Investment
A4: BH | B4: Boom's Hardware | C4: =SUMIF(Inventory!$D$4:$D$37, A4, Inventory!$J$4:$J$37) -> 221.95
A5: CSC | B5: Cali Supply Company | C5: =SUMIF(Inventory!$D$4:$D$37, A5, Inventory!$J$4:$J$37) -> 194.93
A6: FT | B6: Fiesta Tools | C6: =SUMIF(Inventory!$D$4:$D$37, A6, Inventory!$J$4:$J$37) -> 404.15
A7: HSUSA | B7: Hardware Supplies USA | C7: =SUMIF(Inventory!$D$4:$D$37, A7, Inventory!$J$4:$J$37) -> 322.7
A8: OS | B8: Oriental Suppliers | C8: =SUMIF(Inventory!$D$4:$D$37, A8, Inventory!$J$4:$J$37) -> 0
A9: TT | B9: Timely Tools | C9: =SUMIF(Inventory!$D$4:$D$37, A9, Inventory!$J$4:$J$37) -> 481.8
A10: Total | C10: =SUM(C4:C9) -> 1625.53
